Model,Method,Dataset,IMG_Accuracy,IMG_F1_Macro,IMG_AUC_ROC,IMG_AUC_PR,IMG_Mal_Precision,IMG_Mal_Recall,IMG_Mal_F1
shufflenet_v2_se,Single,Test,0.7627906976744186,0.6938946428072919,0.9133333333333333,0.6744897360093498,0.3974358974358974,0.8857142857142857,0.5486725663716814
shufflenet_v2_se,TTA,Test,0.813953488372093,0.7429459588713534,0.9219047619047619,0.6900197186036745,0.4626865671641791,0.8857142857142857,0.6078431372549019
