Model,Epoch,Accuracy,Balanced_Acc,F1_Macro,AUC_ROC,AUC_PR,Mal_Precision,Mal_Recall,Mal_F1,Ben_Precision,Ben_Recall,Ben_F1
resnet18_se,29,0.8795811518324608,0.9258064516129032,0.8388776820099029,0.9896057347670251,0.9618198178227383,0.6101694915254238,1.0,0.7578947368421053,1.0,0.8516129032258064,0.9198606271777003
mobilenet_v2_se,50,0.8481675392670157,0.8957885304659499,0.8022986044187458,0.9625448028673835,0.9368720181798922,0.5555555555555556,0.9722222222222222,0.7070707070707071,0.9921875,0.8193548387096774,0.8975265017667845
efficientnet_b0_se,29,0.8534031413612565,0.8990143369175627,0.8078470824949698,0.9772401433691755,0.9361391906279222,0.5645161290322581,0.9722222222222222,0.7142857142857143,0.9922480620155039,0.8258064516129032,0.9014084507042254
densenet121_se,25,0.93717277486911,0.9399641577060931,0.9051324503311258,0.9896057347670251,0.9550912982121035,0.7727272727272727,0.9444444444444444,0.85,0.9863945578231292,0.9354838709677419,0.9602649006622517
shufflenet_v2_se,46,0.774869109947644,0.8506272401433692,0.7298088627167154,0.9437275985663083,0.8516695157542984,0.45454545454545453,0.9722222222222222,0.6194690265486725,0.9912280701754386,0.7290322580645161,0.8401486988847584
