Model,AUC_PR_Single,AUC_PR_TTA,AUC_PR_Improvement,Mal_Recall_Single,Mal_Recall_TTA,Mal_Recall_Improvement,Mal_F1_Single,Mal_F1_TTA,Mal_F1_Improvement
resnet18_se,0.6575382125750473,0.6806577045461887,0.02311949197114138,0.8571428571428571,0.8571428571428571,0.0,0.6060606060606061,0.6593406593406593,0.05328005328005325
mobilenet_v2_se,0.729207828988963,0.7872608683873834,0.058053039398420436,0.8285714285714286,0.8285714285714286,0.0,0.6444444444444445,0.6170212765957447,-0.027423167848699803
efficientnet_b0_se,0.6264318633178549,0.605071556605544,-0.021360306712310928,0.8,0.8571428571428571,0.05714285714285705,0.6829268292682927,0.7058823529411765,0.022955523672883782
densenet121_se,0.7449929903248719,0.745291453523813,0.0002984631989411124,0.8285714285714286,0.8285714285714286,0.0,0.6904761904761905,0.7073170731707317,0.016840882694541204
shufflenet_v2_se,0.6744897360093498,0.6900197186036745,0.015529982594324698,0.8857142857142857,0.8857142857142857,0.0,0.5486725663716814,0.6078431372549019,0.05917057088322053
