Model,Epoch,Accuracy,Balanced_Acc,F1_Macro,AUC_ROC,AUC_PR,Mal_Precision,Mal_Recall,Mal_F1,Ben_Precision,Ben_Recall,Ben_F1
resnet18_se,29,0.8186046511627907,0.834126984126984,0.7441179163233544,0.9158730158730158,0.6575382125750473,0.46875,0.8571428571428571,0.6060606060606061,0.9668874172185431,0.8111111111111111,0.8821752265861027
mobilenet_v2_se,50,0.8511627906976744,0.8420634920634921,0.7751633986928105,0.9179365079365079,0.729207828988963,0.5272727272727272,0.8285714285714286,0.6444444444444445,0.9625,0.8555555555555555,0.9058823529411765
efficientnet_b0_se,29,0.8790697674418605,0.8472222222222223,0.804107092795066,0.9293650793650794,0.6264318633178549,0.5957446808510638,0.8,0.6829268292682927,0.9583333333333334,0.8944444444444445,0.9252873563218391
densenet121_se,25,0.8790697674418605,0.8587301587301588,0.8076658409028351,0.9295238095238095,0.7449929903248719,0.5918367346938775,0.8285714285714286,0.6904761904761905,0.963855421686747,0.8888888888888888,0.9248554913294798
shufflenet_v2_se,46,0.7627906976744186,0.8123015873015873,0.6938946428072919,0.9133333333333333,0.6744897360093498,0.3974358974358974,0.8857142857142857,0.5486725663716814,0.9708029197080292,0.7388888888888889,0.8391167192429022
