Model,Method,Dataset,IMG_Accuracy,IMG_F1_Macro,IMG_AUC_ROC,IMG_AUC_PR,IMG_Mal_Precision,IMG_Mal_Recall,IMG_Mal_F1
efficientnet_b0_se,Single,Test,0.8790697674418605,0.804107092795066,0.9293650793650794,0.6264318633178549,0.5957446808510638,0.8,0.6829268292682927
efficientnet_b0_se,TTA,Test,0.8837209302325582,0.8167092924126172,0.9273015873015873,0.605071556605544,0.6,0.8571428571428571,0.7058823529411765
