Model,Method,Dataset,IMG_Accuracy,IMG_F1_Macro,IMG_AUC_ROC,IMG_AUC_PR,IMG_Mal_Precision,IMG_Mal_Recall,IMG_Mal_F1
resnet18_se,Single,Test,0.8186046511627907,0.7441179163233544,0.9158730158730158,0.6575382125750473,0.46875,0.8571428571428571,0.6060606060606061
resnet18_se,TTA,Test,0.8558139534883721,0.7839476158060229,0.9284126984126985,0.6806577045461887,0.5357142857142857,0.8571428571428571,0.6593406593406593
