Model,Method,Dataset,IMG_Accuracy,IMG_F1_Macro,IMG_AUC_ROC,IMG_AUC_PR,IMG_Mal_Precision,IMG_Mal_Recall,IMG_Mal_F1
densenet121_se,Single,Test,0.8790697674418605,0.8076658409028351,0.9295238095238095,0.7449929903248719,0.5918367346938775,0.8285714285714286,0.6904761904761905
densenet121_se,TTA,Test,0.8883720930232558,0.8191757779646762,0.932063492063492,0.745291453523813,0.6170212765957447,0.8285714285714286,0.7073170731707317
