Model,Method,Dataset,IMG_Accuracy,IMG_F1_Macro,IMG_AUC_ROC,IMG_AUC_PR,IMG_Mal_Precision,IMG_Mal_Recall,IMG_Mal_F1
mobilenet_v2_se,Single,Test,0.8511627906976744,0.7751633986928105,0.9179365079365079,0.729207828988963,0.5272727272727272,0.8285714285714286,0.6444444444444445
mobilenet_v2_se,TTA,Test,0.8325581395348837,0.7549392097264438,0.923015873015873,0.7872608683873834,0.4915254237288136,0.8285714285714286,0.6170212765957447
