{
  "config": {
    "det_thr": 0.15,
    "cls_thr": 0.5,
    "agg": "Any Malignant"
  },
  "stage1_detection": {
    "Accuracy": 0.8333333333333334,
    "Precision": 0.8037974683544303,
    "Recall_Sensitivity": 0.8881118881118881,
    "Specificity": 0.7769784172661871,
    "NPV": 0.8709677419354839,
    "F1": 0.8438538205980066,
    "AUC_ROC": 0.9061226543240932,
    "AUC_PR": 0.9140797599804074,
    "MCC": 0.6699102923304137,
    "Kappa": 0.6660956315815992,
    "TP": 254,
    "TN": 216,
    "FP": 62,
    "FN": 32
  },
  "full_pipeline": {
    "Accuracy": 0.8333333333333334,
    "Precision": 0.8037974683544303,
    "Recall_Sensitivity": 0.8881118881118881,
    "Specificity": 0.7769784172661871,
    "NPV": 0.8709677419354839,
    "F1": 0.8438538205980066,
    "AUC_ROC": 0.8464808572722242,
    "AUC_PR": 0.802621259073047,
    "MCC": 0.6699102923304137,
    "Kappa": 0.6660956315815992,
    "TP": 254,
    "TN": 216,
    "FP": 62,
    "FN": 32
  },
  "stage2_b_vs_m": {
    "Accuracy": 0.8779527559055118,
    "Precision": 0.6222222222222222,
    "Recall_Sensitivity": 0.6666666666666666,
    "Specificity": 0.9198113207547169,
    "NPV": 0.9330143540669856,
    "F1": 0.6436781609195402,
    "AUC_ROC": 0.9284591194968553,
    "AUC_PR": 0.7935279990457057,
    "MCC": 0.5706435225294634,
    "Kappa": 0.5701495796484333,
    "TP": 28,
    "TN": 195,
    "FP": 17,
    "FN": 14
  }
}