bone,n,acc,f1
elbow-joint,5,1.0,1.0
fibula,20,1.0,1.0
radius,19,0.9473684210526315,0.972972972972973
ulna,17,0.9411764705882353,0.9696969696969697
tibia,107,0.9345794392523364,0.966183574879227
femur,60,0.9333333333333333,0.9655172413793104
knee-joint,8,0.875,0.9333333333333333
humerus,35,0.8571428571428571,0.9230769230769231
hip bone,11,0.6363636363636364,0.7777777777777778
foot,6,0.5,0.6666666666666666
