{
  "fusion": {
    "ece": 0.053410381047804815,
    "ece_ci": [
      0.03618774901886172,
      0.1014211137224513
    ],
    "mce": 0.7384355664253235,
    "brier": 0.0898658002666422,
    "bss": 0.3634761530183075
  },
  "image_only": {
    "ece": 0.06030356203866698,
    "ece_ci": [
      0.04504706752003475,
      0.10563734566224776
    ],
    "mce": 0.7570284008979797,
    "brier": 0.09059395350608801,
    "bss": 0.3583186081036792
  },
  "clinical_only": {
    "ece": 0.41416935624237877,
    "ece_ci": [
      0.36604470653861326,
      0.4623268169648481
    ],
    "mce": 0.5421346812917476,
    "brier": 0.32534979346108256,
    "bss": -1.3044684577901582
  },
  "lr_baseline": {
    "ece": 0.14722949618215705,
    "ece_ci": [
      0.10177862233264572,
      0.19679478041985157
    ],
    "mce": 0.14722949618215705,
    "brier": 0.1624831769916949,
    "bss": -0.1508762686326568
  }
}