{
  "n_test_images": 241,
  "n_pos": 41,
  "n_neg": 200,
  "individual_auc": {
    "fusion": {
      "auc": 0.9028048780487805,
      "ci_lo": 0.8527290269108004,
      "ci_hi": 0.9528807291867606
    },
    "image_only": {
      "auc": 0.910609756097561,
      "ci_lo": 0.8641478808490194,
      "ci_hi": 0.9570716313461026
    },
    "clinical_only": {
      "auc": 0.5808536585365853,
      "ci_lo": 0.483664690750248,
      "ci_hi": 0.6780426263229227
    },
    "lr_baseline": {
      "auc": 0.5507317073170731,
      "ci_lo": 0.4522707985603016,
      "ci_hi": 0.6491926160738446
    }
  },
  "pairwise": {
    "fusion_vs_image_only": {
      "auc_a": 0.9028048780487805,
      "auc_b": 0.910609756097561,
      "ci_a": [
        0.8527290269108004,
        0.9528807291867606
      ],
      "ci_b": [
        0.8641478808490194,
        0.9570716313461026
      ],
      "diff": -0.007804878048780495,
      "ci_diff": [
        -0.03299509440155021,
        0.017385338303989223
      ],
      "se_diff": 0.012852387366026586,
      "z_stat": -0.6072706825979703,
      "p_value": 0.5436712911731656,
      "n_pos": 41,
      "n_neg": 200,
      "significant": false
    },
    "fusion_vs_clinical_only": {
      "auc_a": 0.9028048780487805,
      "auc_b": 0.5808536585365853,
      "ci_a": [
        0.8527290269108004,
        0.9528807291867606
      ],
      "ci_b": [
        0.483664690750248,
        0.6780426263229227
      ],
      "diff": 0.3219512195121952,
      "ci_diff": [
        0.2127665380306779,
        0.43113590099371246
      ],
      "se_diff": 0.055707493781902186,
      "z_stat": 5.779316168353425,
      "p_value": 7.500485788014544e-09,
      "n_pos": 41,
      "n_neg": 200,
      "significant": true
    },
    "fusion_vs_lr_baseline": {
      "auc_a": 0.9028048780487805,
      "auc_b": 0.5507317073170732,
      "ci_a": [
        0.8527290269108004,
        0.9528807291867606
      ],
      "ci_b": [
        0.4522707985603017,
        0.6491926160738447
      ],
      "diff": 0.3520731707317073,
      "ci_diff": [
        0.24520820310981284,
        0.45893813835360175
      ],
      "se_diff": 0.05452394455450799,
      "z_stat": 6.457221200856757,
      "p_value": 1.0664291671957926e-10,
      "n_pos": 41,
      "n_neg": 200,
      "significant": true
    },
    "image_only_vs_clinical_only": {
      "auc_a": 0.910609756097561,
      "auc_b": 0.5808536585365853,
      "ci_a": [
        0.8641478808490194,
        0.9570716313461026
      ],
      "ci_b": [
        0.483664690750248,
        0.6780426263229227
      ],
      "diff": 0.3297560975609757,
      "ci_diff": [
        0.2178766073578155,
        0.44163558776413586
      ],
      "se_diff": 0.05708242145552231,
      "z_stat": 5.776841436516778,
      "p_value": 7.611595354006795e-09,
      "n_pos": 41,
      "n_neg": 200,
      "significant": true
    },
    "image_only_vs_lr_baseline": {
      "auc_a": 0.910609756097561,
      "auc_b": 0.5507317073170732,
      "ci_a": [
        0.8641478808490194,
        0.9570716313461026
      ],
      "ci_b": [
        0.4522707985603017,
        0.6491926160738447
      ],
      "diff": 0.3598780487804878,
      "ci_diff": [
        0.250945439698267,
        0.4688106578627086
      ],
      "se_diff": 0.055578883051661816,
      "z_stat": 6.475086022257286,
      "p_value": 9.475797924096696e-11,
      "n_pos": 41,
      "n_neg": 200,
      "significant": true
    },
    "clinical_only_vs_lr_baseline": {
      "auc_a": 0.5808536585365853,
      "auc_b": 0.5507317073170732,
      "ci_a": [
        0.483664690750248,
        0.6780426263229227
      ],
      "ci_b": [
        0.4522707985603017,
        0.6491926160738447
      ],
      "diff": 0.03012195121951211,
      "ci_diff": [
        -0.04782923780311943,
        0.10807314024214365
      ],
      "se_diff": 0.03977174562262398,
      "z_stat": 0.7573706094101481,
      "p_value": 0.44882785908823886,
      "n_pos": 41,
      "n_neg": 200,
      "significant": false
    }
  },
  "alpha": 0.05
}